Column1.id,provider_name,website_url,tariff_url,Meter_Type,tariff_name,tariffs.is_promotional,tariffs.promo_duration_months,standing_charges.urban,standing_charges.rural,standing_charge_period,standing_charge_includes_vat,tariffs.vat_included,vat_rate,rates_json.type,rate_time_00,rate_time_01,rate_time_02,rate_time_03,rate_time_04,rate_time_05,rate_time_06,rate_time_07,rate_time_08,rate_time_09,rate_time_10,rate_time_11,rate_time_12,rate_time_13,rate_time_14,rate_time_15,rate_time_16,rate_time_17,rate_time_18,rate_time_19,rate_time_20,rate_time_21,rate_time_22,rate_time_23,rates_timeband_notes,rates_json.currency,rates_json.unit,has_feed_in_tariff,feed_in_rates_json.type,feed_in_rates_json.rate_c_kwh,reversion_tariff_name,source.verified,tariffs.source.retrieved_at,tariffs.human_verification,created_at,last_checked_at,,,,,,,,,,,,,,,,,,,,,,,,,,,,,,,,,,,,,,,,,,,,,,,,,,,,,,,,,,,,,,,,,,,,,,,,,,,,,,,,,,,,,,,,,,,,,,,,,,,,,,,,,,,,,,,,,,,,,,,,,,,,,,,,,,
1,Electric Ireland,https://www.electricireland.ie,https://www.electricireland.ie/switch/new-customer/price-plans?priceType=E,24 Hour Meter,Home Electric + Saver 14%,TRUE,12,250.77,314.98,yearly,TRUE,TRUE,9,standard,29.27,29.27,29.27,29.27,29.27,29.27,29.27,29.27,29.27,29.27,29.27,29.27,29.27,29.27,29.27,29.27,29.27,29.27,29.27,29.27,29.27,29.27,29.27,29.27,24-hour flat tariff — 00:00–24:00 (29.27c/kWh); 20% unit rate discount; €75 welcome bonus; smart meter required; new customers only.,EUR,c/kWh,FALSE,NULL,NULL,Standard Tariff,TRUE,3/11/2026,TRUE,3/11/2026,3/31/2026,,,,,,,,,,,,,,,,,,,,,,,,,,,,,,,,,,,,,,,,,,,,,,,,,,,,,,,,,,,,,,,,,,,,,,,,,,,,,,,,,,,,,,,,,,,,,,,,,,,,,,,,,,,,,,,,,,,,,,,,,,,,,,,,,,
1,Electric Ireland,https://www.electricireland.ie,https://www.electricireland.ie/switch/new-customer/price-plans?priceType=E,24 Hour Meter,Home Electric + Saver 14%,TRUE,12,250.77,314.98,yearly,TRUE,TRUE,9,standard,34.03,34.03,34.03,34.03,34.03,34.03,34.03,34.03,34.03,34.03,34.03,34.03,34.03,34.03,34.03,34.03,34.03,34.03,34.03,34.03,34.03,34.03,34.03,34.03,24-hour flat tariff — 00:00–24:00 (34.03c/kWh); Home Electric + Saver 14% – Post Promo,EUR,c/kWh,FALSE,NULL,NULL,Standard Tariff,TRUE,3/11/2026,TRUE,3/11/2026,3/31/2026,,,,,,,,,,,,,,,,,,,,,,,,,,,,,,,,,,,,,,,,,,,,,,,,,,,,,,,,,,,,,,,,,,,,,,,,,,,,,,,,,,,,,,,,,,,,,,,,,,,,,,,,,,,,,,,,,,,,,,,,,,,,,,,,,,
1,Electric Ireland,https://www.electricireland.ie,https://www.electricireland.ie/switch/new-customer/price-plans?priceType=E,Smart Meter (SST),Home Electric+ Night Boost ,TRUE,12,328.58,400.48,yearly,TRUE,TRUE,9,night_boost,16.93,16.93,9.94,9.94,16.93,16.93,16.93,16.93,34.34,34.34,34.34,34.34,34.34,34.34,34.34,34.34,34.34,34.34,34.34,34.34,34.34,34.34,34.34,16.93,Day 08:00–23:00 ; Night 23:00–08:00 ; Night Boost 02:00–04:00 ; 5.5% unit rate discount; smart meter required; new customers only.,EUR,c/kWh,FALSE,NULL,NULL,Standard Tariff,TRUE,3/11/2026,TRUE,3/11/2026,3/31/2026,,,,,,,,,,,,,,,,,,,,,,,,,,,,,,,,,,,,,,,,,,,,,,,,,,,,,,,,,,,,,,,,,,,,,,,,,,,,,,,,,,,,,,,,,,,,,,,,,,,,,,,,,,,,,,,,,,,,,,,,,,,,,,,,,,
1,Electric Ireland,https://www.electricireland.ie,https://www.electricireland.ie/switch/new-customer/price-plans?priceType=E,Smart Meter (SST),Home Electric+ Night Boost ,TRUE,12,328.58,400.48,yearly,TRUE,TRUE,9,night_boost,17.92,17.92,10.52,10.52,17.92,17.92,17.92,17.92,36.34,36.34,36.34,36.34,36.34,36.34,36.34,36.34,36.34,36.34,36.34,36.34,36.34,36.34,36.34,17.92,Day 08:00–23:00 ; Night 23:00–08:00 ; Night Boost 02:00–04:00 ; Home Electric=Night Boost post promo rates,EUR,c/kWh,FALSE,NULL,NULL,Standard Tariff,TRUE,3/11/2026,TRUE,3/11/2026,3/31/2026,,,,,,,,,,,,,,,,,,,,,,,,,,,,,,,,,,,,,,,,,,,,,,,,,,,,,,,,,,,,,,,,,,,,,,,,,,,,,,,,,,,,,,,,,,,,,,,,,,,,,,,,,,,,,,,,,,,,,,,,,,,,,,,,,,
1,Electric Ireland,https://www.electricireland.ie,https://www.electricireland.ie/switch/new-customer/price-plans?priceType=E,Smart Meter (SST),Home Electric+ Weekender 5.5%,TRUE,12,250.77,314.98,yearly,TRUE,TRUE,9,free_weekend,35.3,35.3,35.3,35.3,35.3,35.3,35.3,35.3,35.3,35.3,35.3,35.3,35.3,35.3,35.3,35.3,35.3,35.3,35.3,35.3,35.3,35.3,35.3,35.3,Standard rate 24h (35.30c/kWh); Free electricity Saturdays or Sundays 08:00–23:00; 16% unit rate discount; smart meter required; new customers only.,EUR,c/kWh,FALSE,NULL,NULL,Standard Tariff,TRUE,3/11/2026,TRUE,3/11/2026,3/31/2026,,,,,,,,,,,,,,,,,,,,,,,,,,,,,,,,,,,,,,,,,,,,,,,,,,,,,,,,,,,,,,,,,,,,,,,,,,,,,,,,,,,,,,,,,,,,,,,,,,,,,,,,,,,,,,,,,,,,,,,,,,,,,,,,,,
1,Electric Ireland,https://www.electricireland.ie,https://www.electricireland.ie/switch/new-customer/price-plans?priceType=E,Smart Meter (SST),Home Electric+ Weekender 5.5%,TRUE,12,250.77,314.98,yearly,TRUE,TRUE,9,free_weekend,37.35,37.35,37.35,37.35,37.35,37.35,37.35,37.35,37.35,37.35,37.35,37.35,37.35,37.35,37.35,37.35,37.35,37.35,37.35,37.35,37.35,37.35,37.35,37.35,Standard rate 24h (37.35c/kWh); Free electricity Saturdays or Sundays 08:00–23:00. Home Electric + Weekender Post Promo.,EUR,c/kWh,FALSE,NULL,NULL,Standard Tariff,TRUE,3/11/2026,TRUE,3/11/2026,3/31/2026,,,,,,,,,,,,,,,,,,,,,,,,,,,,,,,,,,,,,,,,,,,,,,,,,,,,,,,,,,,,,,,,,,,,,,,,,,,,,,,,,,,,,,,,,,,,,,,,,,,,,,,,,,,,,,,,,,,,,,,,,,,,,,,,,,
1,Electric Ireland,https://www.electricireland.ie,https://www.electricireland.ie/switch/new-customer/price-plans?priceType=E,24 Hour Meter,Electricity 10%,TRUE,12,250.77,314.98,yearly,TRUE,TRUE,9,standard,31.27,31.27,31.27,31.27,31.27,31.27,31.27,31.27,31.27,31.27,31.27,31.27,31.27,31.27,31.27,31.27,31.27,31.27,31.27,31.27,31.27,31.27,31.27,31.27,"24-hour flat tariff — 00:00–24:00 (31.27c/kWh); Night Storage Heating rate (15.01c/kWh, requires separate night storage heating meter); Night Storage Heating standing charge €12.65/year; 18% unit rate discount; €40 welcome bonus; standard meter; new customers only.",EUR,c/kWh,FALSE,NULL,NULL,Standard Tariff,TRUE,3/11/2026,TRUE,3/11/2026,3/31/2026,,,,,,,,,,,,,,,,,,,,,,,,,,,,,,,,,,,,,,,,,,,,,,,,,,,,,,,,,,,,,,,,,,,,,,,,,,,,,,,,,,,,,,,,,,,,,,,,,,,,,,,,,,,,,,,,,,,,,,,,,,,,,,,,,,
1,Electric Ireland,https://www.electricireland.ie,https://www.electricireland.ie/switch/new-customer/price-plans?priceType=E,24 Hour Meter,EnergySaver 18%,TRUE,12,250.77,314.98,yearly,TRUE,TRUE,9,standard,34.75,34.75,34.75,34.75,34.75,34.75,34.75,34.75,34.75,34.75,34.75,34.75,34.75,34.75,34.75,34.75,34.75,34.75,34.75,34.75,34.75,34.75,34.75,34.75,"24-hour flat tariff — 00:00–24:00 (34.75c/kWh); Night Storage Heating rate (15.01c/kWh, requires separate night storage heating meter); Post promotional rate.",EUR,c/kWh,FALSE,NULL,NULL,Standard Tariff,TRUE,3/11/2026,TRUE,3/11/2026,3/31/2026,,,,,,,,,,,,,,,,,,,,,,,,,,,,,,,,,,,,,,,,,,,,,,,,,,,,,,,,,,,,,,,,,,,,,,,,,,,,,,,,,,,,,,,,,,,,,,,,,,,,,,,,,,,,,,,,,,,,,,,,,,,,,,,,,,
1,Electric Ireland,https://www.electricireland.ie,https://www.electricireland.ie/switch/new-customer/price-plans?priceType=E,24 Hour Meter,Green Electricity,TRUE,12,250.77,314.98,yearly,TRUE,TRUE,9,standard,33.00,33.00,33.00,33.00,33.00,33.00,33.00,33.00,33.00,33.00,33.00,33.00,33.00,33.00,33.00,33.00,33.00,33.00,33.00,33.00,33.00,33.00,33.00,33.00,"24-hour flat tariff — 00:00–24:00 (33.00c/kWh); Night Storage Heating rate (17.49c/kWh, requires separate night storage heating meter); Night Storage Heating standing charge €12.65/year; 5.5% unit rate discount; standard meter; new customers only.",EUR,c/kWh,FALSE,NULL,NULL,Standard Tariff,TRUE,3/11/2026,TRUE,3/11/2026,3/19/2026,,,,,,,,,,,,,,,,,,,,,,,,,,,,,,,,,,,,,,,,,,,,,,,,,,,,,,,,,,,,,,,,,,,,,,,,,,,,,,,,,,,,,,,,,,,,,,,,,,,,,,,,,,,,,,,,,,,,,,,,,,,,,,,,,,
1,Electric Ireland,https://www.electricireland.ie,https://www.electricireland.ie/switch/new-customer/price-plans?priceType=E,NightSaver Meter,EnergySaver 18%,TRUE,12,328.58,400.48,yearly,TRUE,TRUE,9,day,15.01,15.01,15.01,15.01,15.01,15.01,15.01,15.01,30.43,30.43,30.43,30.43,30.43,30.43,30.43,30.43,30.43,30.43,30.43,30.43,30.43,30.43,30.43,15.01,Day 08:00–23:00 (30.43c/kWh); Night 23:00–08:00 (15.01c/kWh); Additional €12.65/year standing charge if separate Night Storage Heating meter; 18% unit rate discount; €40 welcome bonus; day & night meter required; new customers only.,EUR,c/kWh,FALSE,NULL,NULL,Standard Tariff,TRUE,3/11/2026,TRUE,3/11/2026,3/19/2026,,,,,,,,,,,,,,,,,,,,,,,,,,,,,,,,,,,,,,,,,,,,,,,,,,,,,,,,,,,,,,,,,,,,,,,,,,,,,,,,,,,,,,,,,,,,,,,,,,,,,,,,,,,,,,,,,,,,,,,,,,,,,,,,,,
1,Electric Ireland,https://www.electricireland.ie,https://www.electricireland.ie/switch/new-customer/price-plans?priceType=E,NightSaver Meter,Green Electricity NightSaver,TRUE,12,328.58,400.48,yearly,TRUE,TRUE,9,day,17.49,17.49,17.49,17.49,17.49,17.49,17.49,17.49,35.27,35.27,35.27,35.27,35.27,35.27,35.27,35.27,35.27,35.27,35.27,35.27,35.27,35.27,35.27,17.49,"Day 08:00–23:00 (35.27c/kWh); Night 23:00–08:00 (17.49c/kWh); Day/Night timetable — Winter: Day 08:00–23:00, Night 23:00–08:00; Summer: Day 09:00–24:00, Night 00:00–09:00; +€12.65/year standing charge if separate Night Storage Heating meter; 5.5% unit rate discount; day & night meter required; new customers only.",EUR,c/kWh,FALSE,NULL,NULL,Standard Tariff,TRUE,3/11/2026,TRUE,3/11/2026,3/19/2026,,,,,,,,,,,,,,,,,,,,,,,,,,,,,,,,,,,,,,,,,,,,,,,,,,,,,,,,,,,,,,,,,,,,,,,,,,,,,,,,,,,,,,,,,,,,,,,,,,,,,,,,,,,,,,,,,,,,,,,,,,,,,,,,,,
2,Bord Gáis Energy,https://www.bordgaisenergy.ie,https://www.bordgaisenergy.ie/home/our-plans/a0pSh000000dcS1IAI,24 Hour Standard Meter,Electricity Discount ,TRUE,12,244.76,244.76,yearly,TRUE,TRUE,9,standard,28.28,28.28,28.28,28.28,28.28,28.28,28.28,28.28,28.28,28.28,28.28,28.28,28.28,28.28,28.28,28.28,28.28,28.28,28.28,28.28,28.28,28.28,28.28,28.28,Flat rate 28.28c/kWh; Annual standing charge €244.76; 32% unit rate discount; €50 exit fee; microgen option available; prices include VAT.,EUR,c/kWh,TRUE,microgen,18.5,Standard Tariff,TRUE,3/11/2026,TRUE,3/11/2026,3/19/2026,,,,,,,,,,,,,,,,,,,,,,,,,,,,,,,,,,,,,,,,,,,,,,,,,,,,,,,,,,,,,,,,,,,,,,,,,,,,,,,,,,,,,,,,,,,,,,,,,,,,,,,,,,,,,,,,,,,,,,,,,,,,,,,,,,
2,Bord Gáis Energy,https://www.bordgaisenergy.ie,https://www.bordgaisenergy.ie/home/our-plans/a0pSh000000dcVFIAY,Smart Meter,Smart All Day Electricity Discount,TRUE,12,244.76,244.76,yearly,TRUE,TRUE,9,day_weekday,28.28,28.28,28.28,28.28,28.28,28.28,28.28,28.28,28.28,28.28,28.28,28.28,28.28,28.28,28.28,28.28,28.28,28.28,28.28,28.28,28.28,28.28,28.28,28.28,Flat rate 28.28c/kWh; Annual standing charge €244.76; 32% unit rate discount; €50 exit fee; microgen option available.,EUR,c/kWh,TRUE,microgen,18.5,Standard Tariff,TRUE,3/11/2026,TRUE,3/11/2026,3/19/2026,,,,,,,,,,,,,,,,,,,,,,,,,,,,,,,,,,,,,,,,,,,,,,,,,,,,,,,,,,,,,,,,,,,,,,,,,,,,,,,,,,,,,,,,,,,,,,,,,,,,,,,,,,,,,,,,,,,,,,,,,,,,,,,,,,
2,Bord Gáis Energy,https://www.bordgaisenergy.ie,https://www.bordgaisenergy.ie/home/our-plans/a0pSh000000dcevIAA,Smart Meter,Smart EV Electricity Discount,TRUE,12,364.59,364.59,yearly,TRUE,TRUE,9,day_weekday,25.01,25.01,8.45,8.45,8.45,25.01,25.01,25.01,33.16,33.16,33.16,33.16,33.16,33.16,33.16,33.16,33.16,46.25,46.25,33.16,33.16,33.16,33.16,25.01,Day 08:00–23:00 (33.16c/kWh); Peak 17:00–19:00 (46.25c/kWh); Night 23:00–08:00 (25.01c/kWh); EV 02:00–05:00 (8.45c/kWh); 20% unit rate discount; €50 exit fee; microgen option available.,EUR,c/kWh,TRUE,microgen,18.5,Standard Tariff,TRUE,3/12/2026,TRUE,3/12/2026,3/19/2026,,,,,,,,,,,,,,,,,,,,,,,,,,,,,,,,,,,,,,,,,,,,,,,,,,,,,,,,,,,,,,,,,,,,,,,,,,,,,,,,,,,,,,,,,,,,,,,,,,,,,,,,,,,,,,,,,,,,,,,,,,,,,,,,,,
2,Bord Gáis Energy,https://www.bordgaisenergy.ie,https://www.bordgaisenergy.ie/home/our-plans/a0pSh000000dci9IAA,Smart Meter,Smart Free Saturday Electricity Discount,TRUE,12,244.76,244.76,yearly,TRUE,TRUE,9,day_weekday,25.85,25.85,25.85,25.85,25.85,25.85,25.85,25.85,35.18,35.18,35.18,35.18,35.18,35.18,35.18,35.18,35.18,42.97,42.97,35.18,35.18,35.18,35.18,25.85,Day 08:00–23:00 (35.18c/kWh); Peak 17:00–19:00 Mon–Fri (42.97c/kWh); Night 23:00–08:00 (25.85c/kWh); Free time 09:00–17:00 Sat (0c/kWh); 20% unit rate discount; €50 exit fee.,EUR,c/kWh,FALSE,NULL,NULL,Standard Tariff,TRUE,3/12/2026,TRUE,3/12/2026,3/19/2026,,,,,,,,,,,,,,,,,,,,,,,,,,,,,,,,,,,,,,,,,,,,,,,,,,,,,,,,,,,,,,,,,,,,,,,,,,,,,,,,,,,,,,,,,,,,,,,,,,,,,,,,,,,,,,,,,,,,,,,,,,,,,,,,,,
2,Bord Gáis Energy,https://www.bordgaisenergy.ie,https://www.bordgaisenergy.ie/home/our-plans/a0pSh000000dcjlIAA,Smart Meter,Smart Free Sunday Electricity Discount,TRUE,12,244.76,244.76,yearly,TRUE,TRUE,9,day_weekday,25.85,25.85,25.85,25.85,25.85,25.85,25.85,25.85,35.18,35.18,35.18,35.18,35.18,35.18,35.18,35.18,35.18,42.97,42.97,35.18,35.18,35.18,35.18,25.85,Day 08:00–23:00 (35.18c/kWh); Peak 17:00–19:00 (42.97c/kWh); Night 23:00–08:00 (25.85c/kWh); Free Sunday 09:00–17:00 (0c/kWh); 20% unit rate discount; €50 exit fee.,EUR,c/kWh,FALSE,NULL,NULL,Standard Tariff,TRUE,3/12/2026,TRUE,3/12/2026,3/19/2026,,,,,,,,,,,,,,,,,,,,,,,,,,,,,,,,,,,,,,,,,,,,,,,,,,,,,,,,,,,,,,,,,,,,,,,,,,,,,,,,,,,,,,,,,,,,,,,,,,,,,,,,,,,,,,,,,,,,,,,,,,,,,,,,,,
2,Bord Gáis Energy,https://www.bordgaisenergy.ie,https://www.bordgaisenergy.ie/home/our-plans/a0pSh000000dcYTIAY,Smart Meter,Smart Standard Electricity Discount,TRUE,12,244.76,244.76,yearly,TRUE,TRUE,9,day_weekday,22.31,22.31,22.31,22.31,22.31,22.31,22.31,22.31,30.23,30.23,30.23,30.23,30.23,30.23,30.23,30.23,30.23,36.79,36.79,30.23,30.23,30.23,30.23,22.31,Day 08:00–23:00 excl. Peak (30.23c/kWh); Peak 17:00–19:00 Mon–Fri (36.79c/kWh); Night 23:00–08:00 (22.31c/kWh); 32% unit rate discount; €50 exit fee.,EUR,c/kWh,TRUE,microgen,18.5,Standard Tariff,TRUE,3/12/2026,TRUE,3/12/2026,3/19/2026,,,,,,,,,,,,,,,,,,,,,,,,,,,,,,,,,,,,,,,,,,,,,,,,,,,,,,,,,,,,,,,,,,,,,,,,,,,,,,,,,,,,,,,,,,,,,,,,,,,,,,,,,,,,,,,,,,,,,,,,,,,,,,,,,,
2,Bord Gáis Energy,https://www.bordgaisenergy.ie,https://www.bordgaisenergy.ie/home/our-plans/a0pSh000000dca5IAA,Smart Meter,Smart Weekend Electricity Discount,TRUE,12,244.76,244.76,yearly,TRUE,TRUE,9,day_weekday,26.62,26.62,26.62,26.62,26.62,26.62,26.62,26.62,29.77,29.77,29.77,29.77,29.77,29.77,29.77,29.77,29.77,36.31,36.31,29.77,29.77,29.77,29.77,26.62,Day 08:00–23:00 (29.77c/kWh); Peak 17:00–19:00 (36.31c/kWh); Night 23:00–08:00 (26.62c/kWh); Weekend Fri 23:00–Mon 08:00 (26.62c/kWh); Will have a night rate all weekend; 32% unit rate discount; €50 exit fee.,EUR,c/kWh,TRUE,microgen,18.5,Standard Tariff,TRUE,3/12/2026,TRUE,3/12/2026,3/19/2026,,,,,,,,,,,,,,,,,,,,,,,,,,,,,,,,,,,,,,,,,,,,,,,,,,,,,,,,,,,,,,,,,,,,,,,,,,,,,,,,,,,,,,,,,,,,,,,,,,,,,,,,,,,,,,,,,,,,,,,,,,,,,,,,,,
2,Bord Gáis Energy,https://www.bordgaisenergy.ie,https://www.bordgaisenergy.ie/home/our-plans/a0pSh000000E6n7IAC,Smart Meter,Standard Variable Smart All Day Electricity,FALSE,NULL,244.76,244.76,yearly,TRUE,TRUE,9,day_weekday,41.59,41.59,41.59,41.59,41.59,41.59,41.59,41.59,41.59,41.59,41.59,41.59,41.59,41.59,41.59,41.59,41.59,41.59,41.59,41.59,41.59,41.59,41.59,41.59,Flat rate 41.59c/kWh across all time bands; 0% unit rate discount; €50 exit fee.,EUR,c/kWh,TRUE,microgen,18.5,Standard Variable Tariff,TRUE,3/12/2026,TRUE,3/12/2026,3/19/2026,,,,,,,,,,,,,,,,,,,,,,,,,,,,,,,,,,,,,,,,,,,,,,,,,,,,,,,,,,,,,,,,,,,,,,,,,,,,,,,,,,,,,,,,,,,,,,,,,,,,,,,,,,,,,,,,,,,,,,,,,,,,,,,,,,
3,Energia,https://www.energia.ie,https://switchto.energia.ie/MyPlanDetails,24 Hour Meter,Standard Electricity,TRUE,12,265.01,265.01,yearly,TRUE,TRUE,9,standard,29.00,29.00,29.00,29.00,29.00,29.00,29.00,29.00,29.00,29.00,29.00,29.00,29.00,29.00,29.00,29.00,29.00,29.00,29.00,29.00,29.00,29.00,29.00,29.00,Flat rate 29.00c/kWh; 32% unit rate discount; €55 cashback; 12-month contract.,EUR,c/kWh,FALSE,NULL,NULL,Standard Tariff,TRUE,3/12/2026,TRUE,3/12/2026,3/19/2026,,,,,,,,,,,,,,,,,,,,,,,,,,,,,,,,,,,,,,,,,,,,,,,,,,,,,,,,,,,,,,,,,,,,,,,,,,,,,,,,,,,,,,,,,,,,,,,,,,,,,,,,,,,,,,,,,,,,,,,,,,,,,,,,,,
3,Energia,https://www.energia.ie,https://switchto.energia.ie/MyPlanDetails,Smart Meter,Smart Data,TRUE,12,265.01,265.01,yearly,TRUE,TRUE,9,night,15.98,15.98,15.98,15.98,15.98,15.98,15.98,15.98,29.07,29.07,29.07,29.07,29.07,29.07,29.07,29.07,29.07,32.64,32.64,29.07,29.07,29.07,29.07,15.98,Day 08:00–17:00 & 19:00–23:00 (29.07c/kWh); Peak 17:00–19:00 (32.64c/kWh); Night 23:00–08:00 (15.98c/kWh); 31% promotional discount; €50 exit fee.,EUR,c/kWh,FALSE,NULL,NULL,Standard Tariff,TRUE,3/12/2026,TRUE,3/12/2026,3/19/2026,,,,,,,,,,,,,,,,,,,,,,,,,,,,,,,,,,,,,,,,,,,,,,,,,,,,,,,,,,,,,,,,,,,,,,,,,,,,,,,,,,,,,,,,,,,,,,,,,,,,,,,,,,,,,,,,,,,,,,,,,,,,,,,,,,
3,Energia,https://www.energia.ie,https://switchto.energia.ie/MyPlanDetails,Smart Meter,Smart 24 Hour,TRUE,12,265.01,265.01,yearly,TRUE,TRUE,9,night,27.70,27.70,27.70,27.70,27.70,27.70,27.70,27.70,27.70,27.70,27.70,27.70,27.70,27.70,27.70,27.70,27.70,27.70,27.70,27.70,27.70,27.70,27.70,27.70,Flat rate 27.70c/kWh; 31% promotional discount; €50 exit fee.,EUR,c/kWh,FALSE,NULL,NULL,Standard Tariff,TRUE,3/12/2026,TRUE,3/12/2026,3/19/2026,,,,,,,,,,,,,,,,,,,,,,,,,,,,,,,,,,,,,,,,,,,,,,,,,,,,,,,,,,,,,,,,,,,,,,,,,,,,,,,,,,,,,,,,,,,,,,,,,,,,,,,,,,,,,,,,,,,,,,,,,,,,,,,,,,
3,Energia,https://www.energia.ie,https://switchto.energia.ie/MyPlanDetails,Smart Meter,Smart Data Cashback,TRUE,12,265.01,265.01,yearly,TRUE,TRUE,9,night,16.21,16.21,16.21,16.21,16.21,16.21,16.21,16.21,29.49,29.49,29.49,29.49,29.49,29.49,29.49,29.49,29.49,33.12,33.12,29.49,29.49,29.49,29.49,16.21,Day 08:00–17:00 & 19:00–23:00 (29.49c/kWh); Peak 17:00–19:00 (33.12c/kWh); Night 23:00–08:00 (16.21c/kWh); 30% promotional discount; €40 cashback/€40 off your 2nd bill; €50 exit fee.,EUR,c/kWh,FALSE,NULL,NULL,Standard Tariff,TRUE,3/12/2026,TRUE,3/12/2026,3/19/2026,,,,,,,,,,,,,,,,,,,,,,,,,,,,,,,,,,,,,,,,,,,,,,,,,,,,,,,,,,,,,,,,,,,,,,,,,,,,,,,,,,,,,,,,,,,,,,,,,,,,,,,,,,,,,,,,,,,,,,,,,,,,,,,,,,
3,Energia,https://www.energia.ie,https://switchto.energia.ie/MyPlanDetails,Smart Meter,Smart 24 Hour Cashback,TRUE,12,265.01,265.01,yearly,TRUE,TRUE,9,flat,28.10,28.10,28.10,28.10,28.10,28.10,28.10,28.10,28.10,28.10,28.10,28.10,28.10,28.10,28.10,28.10,28.10,28.10,28.10,28.10,28.10,28.10,28.10,28.10,Flat rate 28.10c/kWh; 30% promotional discount; €40 cashback/€40 off your 2nd bill; €50 exit fee.,EUR,c/kWh,FALSE,NULL,NULL,Standard Tariff,TRUE,3/12/2026,TRUE,3/12/2026,3/19/2026,,,,,,,,,,,,,,,,,,,,,,,,,,,,,,,,,,,,,,,,,,,,,,,,,,,,,,,,,,,,,,,,,,,,,,,,,,,,,,,,,,,,,,,,,,,,,,,,,,,,,,,,,,,,,,,,,,,,,,,,,,,,,,,,,,
3,Energia,https://www.energia.ie,https://switchto.energia.ie/MyPlanDetails,Smart Meter,EV Smart Drive,TRUE,12,265.01,265.01,yearly,TRUE,TRUE,9,ev,40.16,40.16,9.42,9.42,9.42,9.42,40.16,40.16,40.16,40.16,40.16,40.16,40.16,40.16,40.16,40.16,40.16,40.16,40.16,40.16,40.16,40.16,40.16,40.16,Day 06:00–02:00 (40.16c/kWh); EV rate 02:00–06:00 (9.42c/kWh); 10% promotional discount; €50 exit fee.,EUR,c/kWh,FALSE,NULL,NULL,Standard Tariff,TRUE,3/12/2026,TRUE,3/12/2026,3/19/2026,,,,,,,,,,,,,,,,,,,,,,,,,,,,,,,,,,,,,,,,,,,,,,,,,,,,,,,,,,,,,,,,,,,,,,,,,,,,,,,,,,,,,,,,,,,,,,,,,,,,,,,,,,,,,,,,,,,,,,,,,,,,,,,,,,
3,Energia,https://www.energia.ie,https://switchto.energia.ie/MyPlanDetails,Smart Meter,Smart Day Night,TRUE,12,331.97,331.97,yearly,TRUE,TRUE,9,night,15.17,15.17,15.17,15.17,15.17,15.17,15.17,15.17,30.79,30.79,30.79,30.79,30.79,30.79,30.79,30.79,30.79,30.79,30.79,30.79,30.79,30.79,30.79,15.17,Day 08:00–23:00 (30.79c/kWh); Night 23:00–08:00 (15.17c/kWh); 30% promotional discount; €50 exit fee.,EUR,c/kWh,FALSE,NULL,NULL,Standard Tariff,TRUE,3/12/2026,TRUE,3/12/2026,3/19/2026,,,,,,,,,,,,,,,,,,,,,,,,,,,,,,,,,,,,,,,,,,,,,,,,,,,,,,,,,,,,,,,,,,,,,,,,,,,,,,,,,,,,,,,,,,,,,,,,,,,,,,,,,,,,,,,,,,,,,,,,,,,,,,,,,,
3,Energia,https://www.energia.ie,https://switchto.energia.ie/MyPlanDetails,Smart Meter,EV Smart Drive Plus,TRUE,12,265.01,265.01,yearly,TRUE,TRUE,9,night,23.99,23.99,11.03,11.03,11.03,11.03,23.99,23.99,38.93,38.93,38.93,38.93,38.93,38.93,38.93,38.93,38.93,51.08,51.08,38.93,38.93,38.93,38.93,23.99,Night 23:00–02:00 & 06:00–08:00 (23.99c/kWh); EV 02:00–06:00 (11.03c/kWh); Day 08:00–17:00 & 19:00–23:00 (38.93c/kWh); Peak 17:00–19:00 (51.08c/kWh); 10% promotional discount.,EUR,c/kWh,FALSE,NULL,NULL,Standard Tariff,TRUE,3/12/2026,TRUE,3/12/2026,3/19/2026,,,,,,,,,,,,,,,,,,,,,,,,,,,,,,,,,,,,,,,,,,,,,,,,,,,,,,,,,,,,,,,,,,,,,,,,,,,,,,,,,,,,,,,,,,,,,,,,,,,,,,,,,,,,,,,,,,,,,,,,,,,,,,,,,,
3,Energia,https://www.energia.ie,https://switchto.energia.ie/MyPlanDetails,Smart Meter,Energia SST,TRUE,12,265.01,265.01,yearly,TRUE,TRUE,9,day,19.02,19.02,19.02,19.02,19.02,19.02,19.02,19.02,32.44,32.44,32.44,32.44,32.44,32.44,32.44,32.44,32.44,36.43,36.43,32.44,32.44,32.44,32.44,19.02,Day 08:00–17:00 & 19:00–23:00 (32.44c/kWh); Night 23:00–08:00 (19.02c/kWh); Peak 17:00–19:00 (36.43c/kWh); 23% promotional discount.,EUR,c/kWh,FALSE,NULL,NULL,Standard Tariff,TRUE,3/12/2026,TRUE,3/12/2026,3/19/2026,,,,,,,,,,,,,,,,,,,,,,,,,,,,,,,,,,,,,,,,,,,,,,,,,,,,,,,,,,,,,,,,,,,,,,,,,,,,,,,,,,,,,,,,,,,,,,,,,,,,,,,,,,,,,,,,,,,,,,,,,,,,,,,,,,
4,Flogas Ireland,https://www.flogas.ie/,https://www.flogas.ie/price-plan/single-electricity-28-loyalty-discount/,24 Hour Meter,Electricity 28% Loyalty Discount,TRUE,12,275.39,334.19,yearly,TRUE,TRUE,9,standard,28.54,28.54,28.54,28.54,28.54,28.54,28.54,28.54,28.54,28.54,28.54,28.54,28.54,28.54,28.54,28.54,28.54,28.54,28.54,28.54,28.54,28.54,28.54,28.54,"Flat rate (28.54c/kWh); Day (31.77c/kWh); Night (15.39c/kWh); 28% loyalty discount; day/night rates applicable with a night meter, otherwise flat rate applies.",EUR,c/kWh,TRUE,export,18.5,Standard Variable Tariff,TRUE,3/13/2026,TRUE,3/13/2026,3/19/2026,,,,,,,,,,,,,,,,,,,,,,,,,,,,,,,,,,,,,,,,,,,,,,,,,,,,,,,,,,,,,,,,,,,,,,,,,,,,,,,,,,,,,,,,,,,,,,,,,,,,,,,,,,,,,,,,,,,,,,,,,,,,,,,,,,
4,Flogas Ireland,https://www.flogas.ie/,https://www.flogas.ie/price-plan/24-hour-smart-electricity-29-loyalty-discount/,Smart Meter,Smart 24Hr Electricity 29% Loyalty Discount,TRUE,12,270.45,329.82,yearly,TRUE,TRUE,9,standard,26.41,26.41,26.41,26.41,26.41,26.41,26.41,26.41,26.41,26.41,26.41,26.41,26.41,26.41,26.41,26.41,26.41,26.41,26.41,26.41,26.41,26.41,26.41,26.41,Flat rate (26.41c/kWh); 29% loyalty discount applied to Flogas standard variable rates. Smart meter required. Microgen export rate 18.5 c/kWh.,EUR,c/kWh,TRUE,export,18.5,Standard Variable Tariff,TRUE,3/13/2026,TRUE,3/13/2026,3/19/2026,,,,,,,,,,,,,,,,,,,,,,,,,,,,,,,,,,,,,,,,,,,,,,,,,,,,,,,,,,,,,,,,,,,,,,,,,,,,,,,,,,,,,,,,,,,,,,,,,,,,,,,,,,,,,,,,,,,,,,,,,,,,,,,,,,
4,Flogas Ireland,https://www.flogas.ie/,https://www.flogas.ie/price-plan/smart-electricity-29-loyalty-discount/,Smart Meter,Smart Electricity 29% Loyalty Discount,TRUE,12,270.45,329.82,yearly,TRUE,TRUE,9,day,20.77,20.77,20.77,20.77,20.77,20.77,20.77,20.77,28.77,28.77,28.77,28.77,28.77,28.77,28.77,28.77,28.77,34.04,34.04,28.77,28.77,28.77,28.77,20.77,Day 08:00–23:00 (28.77c/kWh); Peak 17:00–19:00 (34.04c/kWh); Night 23:00–08:00 (20.77c/kWh); 29% unit rate discount; smart meter required; new customers only.,EUR,c/kWh,TRUE,export,18.5,Standard Variable Tariff,TRUE,3/13/2026,TRUE,3/13/2026,3/19/2026,,,,,,,,,,,,,,,,,,,,,,,,,,,,,,,,,,,,,,,,,,,,,,,,,,,,,,,,,,,,,,,,,,,,,,,,,,,,,,,,,,,,,,,,,,,,,,,,,,,,,,,,,,,,,,,,,,,,,,,,,,,,,,,,,,
4,Flogas Ireland,https://www.flogas.ie/,https://www.flogas.ie/price-plan/smart-nhh-electricity-29-loyalty-discount/,Smart Meter,Smart NHH Electricity 29% Loyalty Discount,TRUE,12,270.45,329.82,yearly,TRUE,TRUE,9,day,20.77,20.77,20.77,20.77,20.77,20.77,20.77,20.77,28.77,28.77,28.77,28.77,28.77,28.77,28.77,28.77,28.77,34.04,34.04,28.77,28.77,28.77,28.77,20.77,Day 08:00–23:00 (28.77c/kWh); Peak 17:00–19:00 (34.04c/kWh); Night 23:00–08:00 (20.77c/kWh); NHH (Non-Half-Hourly) plan; 29% unit rate discount; new customers only.,EUR,c/kWh,TRUE,export,18.5,Standard Variable Tariff,TRUE,3/13/2026,TRUE,3/13/2026,3/19/2026,,,,,,,,,,,,,,,,,,,,,,,,,,,,,,,,,,,,,,,,,,,,,,,,,,,,,,,,,,,,,,,,,,,,,,,,,,,,,,,,,,,,,,,,,,,,,,,,,,,,,,,,,,,,,,,,,,,,,,,,,,,,,,,,,,
4,Flogas Ireland,https://www.flogas.ie/,https://www.flogas.ie/price-plan/smart-ev-night-30-electricity/,Smart Meter,Smart EV Night Charge 30% Electricity Discount,TRUE,12,348.8,425.54,yearly,TRUE,TRUE,9,day,22.51,22.51,7.55,7.55,7.55,22.51,22.51,22.51,28.99,28.99,28.99,28.99,28.99,28.99,28.99,28.99,28.99,37.39,37.39,28.99,28.99,28.99,28.99,22.51,"Day 08:00–23:00 (28.99c/kWh, excluding peak); Peak 17:00–19:00 (37.39c/kWh); Night 23:00–08:00 (22.51c/kWh, excluding EV night charge); EV Night Charge 02:00–05:00 (7.55c/kWh); 30% unit rate discount;new customers only.",EUR,c/kWh,TRUE,export,18.5,Standard Variable Tariff,TRUE,3/13/2026,TRUE,3/13/2026,3/19/2026,,,,,,,,,,,,,,,,,,,,,,,,,,,,,,,,,,,,,,,,,,,,,,,,,,,,,,,,,,,,,,,,,,,,,,,,,,,,,,,,,,,,,,,,,,,,,,,,,,,,,,,,,,,,,,,,,,,,,,,,,,,,,,,,,,
4,Flogas Ireland,https://www.flogas.ie/,https://www.flogas.ie/price-plan/smart-dual-fuel-ev-night-29-electricity-loyalty/,Smart Meter,Smart EV Night Charge 29% Electricity Loyalty Discount,TRUE,12,348.8,425.54,yearly,TRUE,TRUE,9,day,22.83,22.83,7.66,7.66,7.66,22.83,22.83,22.83,29.41,29.41,29.41,29.41,29.41,29.41,29.41,29.41,29.41,37.92,37.92,29.41,29.41,29.41,29.41,22.83,"Day 08:00–23:00 (29.41c/kWh, excluding peak); Peak 17:00–19:00 (37.92c/kWh); Night 23:00–08:00 (22.83c/kWh, excluding EV night charge); EV Night Charge 02:00–05:00 (7.66c/kWh); 29% unit rate discount; new customers only.",EUR,c/kWh,TRUE,export,18.5,Standard Variable Tariff,TRUE,3/13/2026,TRUE,3/13/2026,3/19/2026,,,,,,,,,,,,,,,,,,,,,,,,,,,,,,,,,,,,,,,,,,,,,,,,,,,,,,,,,,,,,,,,,,,,,,,,,,,,,,,,,,,,,,,,,,,,,,,,,,,,,,,,,,,,,,,,,,,,,,,,,,,,,,,,,,
5,Pinergy Limited,https://pinergy.ie/,https://pinergy.ie/customer-information/lifestyle-smart-tariffs/,Smart Meter,Pinergy Lifestyle Working from Home Time,FALSE,null,283.47,283.47,yearly,TRUE,TRUE,9,work_hours,41.77,41.77,41.77,41.77,41.77,41.77,41.77,41.77,41.77,29.24,29.24,29.24,29.24,29.24,29.24,29.24,29.24,41.77,41.77,41.77,41.77,41.77,41.77,41.77,"Weekday 09:00–17:00 (29.24c/kWh, “working from home” period); All other times (41.77c/kWh); lifestyle smart tariff; smart meter required; variable rates.",EUR,c/kWh,FALSE,null,null,null,TRUE,3/13/2026,TRUE,3/13/2026,3/19/2026,,,,,,,,,,,,,,,,,,,,,,,,,,,,,,,,,,,,,,,,,,,,,,,,,,,,,,,,,,,,,,,,,,,,,,,,,,,,,,,,,,,,,,,,,,,,,,,,,,,,,,,,,,,,,,,,,,,,,,,,,,,,,,,,,,
5,Pinergy Limited,https://pinergy.ie/,https://pinergy.ie/customer-information/lifestyle-smart-tariffs/,Smart Meter,Pinergy Lifestyle Family Time,FALSE,null,283.47,283.47,yearly,TRUE,TRUE,9,family_time,41.77,41.77,41.77,41.77,41.77,41.77,41.77,41.77,41.77,41.77,41.77,41.77,41.77,41.77,41.77,41.77,41.77,41.77,41.77,25.06,25.06,25.06,25.06,25.06,"Everyday 19:00–24:00 (25.06c/kWh, “family time” period); All other times (41.77c/kWh); lifestyle smart tariff; smart meter required; variable rates.",EUR,c/kWh,FALSE,null,null,null,TRUE,3/13/2026,TRUE,3/13/2026,3/19/2026,,,,,,,,,,,,,,,,,,,,,,,,,,,,,,,,,,,,,,,,,,,,,,,,,,,,,,,,,,,,,,,,,,,,,,,,,,,,,,,,,,,,,,,,,,,,,,,,,,,,,,,,,,,,,,,,,,,,,,,,,,,,,,,,,,
5,Pinergy Limited,https://pinergy.ie/,https://pinergy.ie/customer-information/lifestyle-smart-tariffs/,Smart Meter,Pinergy Lifestyle Night Time,FALSE,null,283.47,283.47,yearly,TRUE,TRUE,9,night_special,41.77,41.77,5.99,5.99,5.99,41.77,41.77,41.77,41.77,41.77,41.77,41.77,41.77,41.77,41.77,41.77,41.77,41.77,41.77,41.77,41.77,41.77,41.77,41.77,"Everyday 02:00–05:00 (5.99c/kWh, “night time” period); All other times (41.77c/kWh); lifestyle smart tariff; variable rates; smart meter required.",EUR,c/kWh,FALSE,null,null,null,TRUE,3/13/2026,TRUE,3/13/2026,3/19/2026,,,,,,,,,,,,,,,,,,,,,,,,,,,,,,,,,,,,,,,,,,,,,,,,,,,,,,,,,,,,,,,,,,,,,,,,,,,,,,,,,,,,,,,,,,,,,,,,,,,,,,,,,,,,,,,,,,,,,,,,,,,,,,,,,,
5,Pinergy Limited,https://pinergy.ie/,https://pinergy.ie/customer-information/lifestyle-smart-tariffs/,Smart Meter,Pinergy Lifestyle Standard Smart Tariff,FALSE,null,283.47,283.47,yearly,TRUE,TRUE,9,day,31.77,31.77,31.77,31.77,31.77,31.77,31.77,31.77,41.77,41.77,41.77,41.77,41.77,41.77,41.77,41.77,41.77,44.72,44.72,41.77,41.77,41.77,41.77,31.77,"Day 08:00–23:00 (41.77c/kWh, excluding peak); Peak 17:00–19:00 (44.72c/kWh); Night 23:00–08:00 (31.77c/kWh); lifestyle smart tariff; variable rates; smart meter required.",EUR,c/kWh,FALSE,null,null,null,TRUE,3/13/2026,TRUE,3/13/2026,3/19/2026,,,,,,,,,,,,,,,,,,,,,,,,,,,,,,,,,,,,,,,,,,,,,,,,,,,,,,,,,,,,,,,,,,,,,,,,,,,,,,,,,,,,,,,,,,,,,,,,,,,,,,,,,,,,,,,,,,,,,,,,,,,,,,,,,,
6,SSE Airtricity,https://www.sseairtricity.com/ie/home,https://www.sseairtricity.com/ie/home/products/smart-day-night-peak-electricity-with-top-discount,Standard 24hr Meter,Standard Meter Plan,TRUE,12,263.86,331.2,yearly,TRUE,TRUE,9,flat,26.73,26.73,26.73,26.73,26.73,26.73,26.73,26.73,26.73,26.73,26.73,26.73,26.73,26.73,26.73,26.73,26.73,26.73,26.73,26.73,26.73,26.73,26.73,26.73,24-hour flat tariff — 00:00–24:00 (26.73c/kWh); 35% unit rate discount; new customers only.,EUR,c/kWh,FALSE,null,null,SSE Standard Variable Tariff,TRUE,3/13/2026,TRUE,3/13/2026,3/19/2026,,,,,,,,,,,,,,,,,,,,,,,,,,,,,,,,,,,,,,,,,,,,,,,,,,,,,,,,,,,,,,,,,,,,,,,,,,,,,,,,,,,,,,,,,,,,,,,,,,,,,,,,,,,,,,,,,,,,,,,,,,,,,,,,,,
6,SSE Airtricity,https://www.sseairtricity.com/ie/home,https://www.sseairtricity.com/ie/home/products/switch-to-sse-airtricity,Smart Meter,Electricity First Bill Credit 35% Discount (Smart Day/Night/Peak),TRUE,12,263.86,331.2,yearly,TRUE,TRUE,9,day,18.18,18.18,18.18,18.18,18.18,18.18,18.18,18.18,28.29,28.29,28.29,28.29,28.29,28.29,28.29,28.29,28.29,31.69,31.69,28.29,28.29,28.29,28.29,18.18,"Day 08:00–23:00 (28.29c/kWh, excluding peak); Peak 17:00–19:00 (31.69c/kWh); Night 23:00–08:00 (18.18c/kWh); 35% unit rate discount; new customers only.",EUR,c/kWh,FALSE,null,null,SSE Standard Variable Tariff,TRUE,3/13/2026,TRUE,3/13/2026,3/19/2026,,,,,,,,,,,,,,,,,,,,,,,,,,,,,,,,,,,,,,,,,,,,,,,,,,,,,,,,,,,,,,,,,,,,,,,,,,,,,,,,,,,,,,,,,,,,,,,,,,,,,,,,,,,,,,,,,,,,,,,,,,,,,,,,,,
6,SSE Airtricity,https://www.sseairtricity.com/ie/home,https://www.sseairtricity.com/ie/home/products/smart-everyday-electricity-with-top-discount,Smart Meter,Electricity First Bill Credit 35% Discount (Smart Everyday),TRUE,12,263.86,331.2,yearly,TRUE,TRUE,9,flat,26.73,26.73,26.73,26.73,26.73,26.73,26.73,26.73,26.73,26.73,26.73,26.73,26.73,26.73,26.73,26.73,26.73,26.73,26.73,26.73,26.73,26.73,26.73,26.73,24-hour flat tariff — 00:00–24:00 (26.73c/kWh); 35% unit rate discount; 12-month contract; smart meter required; new customers only.,EUR,c/kWh,FALSE,null,null,SSE Standard Variable Tariff,TRUE,3/13/2026,TRUE,3/13/2026,3/19/2026,,,,,,,,,,,,,,,,,,,,,,,,,,,,,,,,,,,,,,,,,,,,,,,,,,,,,,,,,,,,,,,,,,,,,,,,,,,,,,,,,,,,,,,,,,,,,,,,,,,,,,,,,,,,,,,,,,,,,,,,,,,,,,,,,,
6,SSE Airtricity,https://www.sseairtricity.com/ie/home,https://www.sseairtricity.com/ie/home/products/electricity-smart-ev-max,Smart EV Meter,Smart EV Max Electricity 30% Discount,TRUE,12,357.23,402.16,yearly,TRUE,TRUE,9,day,12.13,12.13,12.13,12.13,12.13,33.76,33.76,33.76,33.76,33.76,33.76,33.76,33.76,33.76,33.76,33.76,33.76,33.76,33.76,33.76,33.76,33.76,33.76,12.13,Day 05:00–23:00 (33.76c/kWh); EV Night Charge 23:00–05:00 (12.13c/kWh); 30% unit rate discount; new customers only.,EUR,c/kWh,FALSE,null,null,SSE Standard Variable Tariff,TRUE,3/13/2026,TRUE,3/13/2026,3/19/2026,,,,,,,,,,,,,,,,,,,,,,,,,,,,,,,,,,,,,,,,,,,,,,,,,,,,,,,,,,,,,,,,,,,,,,,,,,,,,,,,,,,,,,,,,,,,,,,,,,,,,,,,,,,,,,,,,,,,,,,,,,,,,,,,,,
6,SSE Airtricity,https://www.sseairtricity.com/ie/home,https://www.sseairtricity.com/ie/home/products/smart-weekends-electricity,Smart Meter,Smart Weekends Electricity 25% Discount,TRUE,12,356.2,447.16,yearly,TRUE,TRUE,9,weekday_day,22.90,22.90,22.90,22.90,22.90,22.90,22.90,22.90,35.59,35.59,35.59,35.59,35.59,35.59,35.59,35.59,35.59,39.88,39.88,35.59,35.59,35.59,35.59,22.90,Weekday Day 08:00–23:00 (35.59c/kWh); Weekday Peak 17:00–19:00 (39.88c/kWh); Weekday Night 23:00–08:00 (22.90c/kWh); Weekend Day 08:00–23:00 (17.79c/kWh); Weekend Peak 17:00–19:00 (19.91c/kWh); Weekend Night 23:00–08:00 (11.43c/kWh); 25% unit rate discount; half-price electricity weekends; new customers only.,EUR,c/kWh,FALSE,null,null,SSE Standard Variable Tariff,TRUE,3/13/2026,TRUE,3/13/2026,3/19/2026,,,,,,,,,,,,,,,,,,,,,,,,,,,,,,,,,,,,,,,,,,,,,,,,,,,,,,,,,,,,,,,,,,,,,,,,,,,,,,,,,,,,,,,,,,,,,,,,,,,,,,,,,,,,,,,,,,,,,,,,,,,,,,,,,,
7,Yuno Energy,https://yunoenergy.ie,https://yunoenergy.ie/price-plans,24hr Meter,Electricity Bonus 24hr Urban,TRUE,12,219.22,Not Applicable,yearly,TRUE,TRUE,9,day,31.33,31.33,31.33,31.33,31.33,31.33,31.33,31.33,31.33,31.33,31.33,31.33,31.33,31.33,31.33,31.33,31.33,31.33,31.33,31.33,31.33,31.33,31.33,31.33,24hr (31.33c/kWh); €219.22/year standing charge; PSO €19.10/year; €100 welcome bonus; variable rate; 12-month contract; new customers only.,EUR,c/kWh,FALSE,null,null,Yuno Energy Standard Price Plan Tariff,TRUE,3/13/2026,TRUE,3/13/2026,3/19/2026,,,,,,,,,,,,,,,,,,,,,,,,,,,,,,,,,,,,,,,,,,,,,,,,,,,,,,,,,,,,,,,,,,,,,,,,,,,,,,,,,,,,,,,,,,,,,,,,,,,,,,,,,,,,,,,,,,,,,,,,,,,,,,,,,,
7,Yuno Energy,https://yunoenergy.ie,https://yunoenergy.ie/price-plans,24hr Meter,Electricity Bonus 24hr Rural,TRUE,12,Not Applicable,274.91,yearly,TRUE,TRUE,9,day,31.45,31.45,31.45,31.45,31.45,31.45,31.45,31.45,31.45,31.45,31.45,31.45,31.45,31.45,31.45,31.45,31.45,31.45,31.45,31.45,31.45,31.45,31.45,31.45,24hr (31.45c/kWh); €274.91/year standing charge; PSO €19.10/year; €100 welcome bonus; variable rate; 12-month contract; new customers only.,EUR,c/kWh,FALSE,null,null,Yuno Energy Standard Price Plan Tariff,TRUE,3/13/2026,TRUE,3/13/2026,3/19/2026,,,,,,,,,,,,,,,,,,,,,,,,,,,,,,,,,,,,,,,,,,,,,,,,,,,,,,,,,,,,,,,,,,,,,,,,,,,,,,,,,,,,,,,,,,,,,,,,,,,,,,,,,,,,,,,,,,,,,,,,,,,,,,,,,,
7,Yuno Energy,https://yunoenergy.ie,https://yunoenergy.ie/price-plans,Day/Night Meter,Electricity Bonus Day/Night Urban,TRUE,12,247.94,Not Applicable,yearly,TRUE,TRUE,9,day,20.64,20.64,20.64,20.64,20.64,20.64,20.64,20.64,34.16,34.16,34.16,34.16,34.16,34.16,34.16,34.16,34.16,34.16,34.16,34.16,34.16,34.16,34.16,20.64,Day 08:00–23:00 (34.16c/kWh); Night 23:00–08:00 (20.64c/kWh); €100 welcome bonus; variable rate; new customers only.,EUR,c/kWh,FALSE,null,null,Yuno Energy Standard Price Plan Tariff,TRUE,3/13/2026,TRUE,3/13/2026,3/19/2026,,,,,,,,,,,,,,,,,,,,,,,,,,,,,,,,,,,,,,,,,,,,,,,,,,,,,,,,,,,,,,,,,,,,,,,,,,,,,,,,,,,,,,,,,,,,,,,,,,,,,,,,,,,,,,,,,,,,,,,,,,,,,,,,,,
7,Yuno Energy,https://yunoenergy.ie,https://yunoenergy.ie/price-plans,Day/Night Meter,Electricity Bonus Day/Night Rural,TRUE,12,Not Applicable,335.83,yearly,TRUE,TRUE,9,night,20.97,20.97,20.97,20.97,20.97,20.97,20.97,20.97,34.19,34.19,34.19,34.19,34.19,34.19,34.19,34.19,34.19,34.19,34.19,34.19,34.19,34.19,34.19,20.97,Day 08:00–23:00 (34.19c/kWh); Night 23:00–08:00 (20.97c/kWh); €100 welcome bonus; variable rate; new customers only.,EUR,c/kWh,FALSE,null,null,Yuno Energy Standard Price Plan Tariff,TRUE,3/13/2026,TRUE,3/13/2026,3/19/2026,,,,,,,,,,,,,,,,,,,,,,,,,,,,,,,,,,,,,,,,,,,,,,,,,,,,,,,,,,,,,,,,,,,,,,,,,,,,,,,,,,,,,,,,,,,,,,,,,,,,,,,,,,,,,,,,,,,,,,,,,,,,,,,,,,
7,Yuno Energy,https://yunoenergy.ie,https://yunoenergy.ie/price-plans,Smart Meter,EV Variable 24hr Urban,TRUE,12,334.19,Not Applicable,yearly,TRUE,TRUE,9,day,32.70,32.70,10.79,10.79,10.79,10.79,32.70,32.70,32.70,32.70,32.70,32.70,32.70,32.70,32.70,32.70,32.70,32.70,32.70,32.70,32.70,32.70,32.70,32.70,24hr (32.70c/kWh); EV Night Charge 02:00–06:00 (10.79c/kWh); variable rate; new customers only.,EUR,c/kWh,FALSE,null,null,Yuno Energy Electric Vehicle Standard Price Plan Tariff,TRUE,3/13/2026,TRUE,3/13/2026,3/19/2026,,,,,,,,,,,,,,,,,,,,,,,,,,,,,,,,,,,,,,,,,,,,,,,,,,,,,,,,,,,,,,,,,,,,,,,,,,,,,,,,,,,,,,,,,,,,,,,,,,,,,,,,,,,,,,,,,,,,,,,,,,,,,,,,,,
7,Yuno Energy,https://yunoenergy.ie,https://yunoenergy.ie/price-plans,Smart Meter,EV Variable 24hr Rural,TRUE,12,Not applicable,366.02,yearly,TRUE,TRUE,9,ev_night,32.70,32.70,10.79,10.79,10.79,10.79,32.70,32.70,32.70,32.70,32.70,32.70,32.70,32.70,32.70,32.70,32.70,32.70,32.70,32.70,32.70,32.70,32.70,32.70,24hr (32.70c/kWh); EV Night Charge 02:00–06:00 (10.79c/kWh); variable rate; new customers only.,EUR,c/kWh,FALSE,null,null,Yuno Energy Electric Vehicle Standard Price Plan Tariff,TRUE,3/13/2026,TRUE,3/13/2026,3/19/2026,,,,,,,,,,,,,,,,,,,,,,,,,,,,,,,,,,,,,,,,,,,,,,,,,,,,,,,,,,,,,,,,,,,,,,,,,,,,,,,,,,,,,,,,,,,,,,,,,,,,,,,,,,,,,,,,,,,,,,,,,,,,,,,,,,
8,PrepayPower,https://www.prepaypower.ie,https://www.prepaypower.ie/why-switch/pricing/rates,24hr Meter,Classic Pay Standard 24hr,FALSE,NULL,342.69,447.84,yearly,TRUE,TRUE,9,day,33.62,33.62,33.62,33.62,33.62,33.62,33.62,33.62,33.62,33.62,33.62,33.62,33.62,33.62,33.62,33.62,33.62,33.62,33.62,33.62,33.62,33.62,33.62,33.62,Classic Pay 24hr flat electricity rate.,EUR,c/kWh,FALSE,null,null,PrepayPower Standard Tariff,TRUE,3/13/2026,TRUE,3/13/2026,3/19/2026,,,,,,,,,,,,,,,,,,,,,,,,,,,,,,,,,,,,,,,,,,,,,,,,,,,,,,,,,,,,,,,,,,,,,,,,,,,,,,,,,,,,,,,,,,,,,,,,,,,,,,,,,,,,,,,,,,,,,,,,,,,,,,,,,,
8,PrepayPower,https://www.prepaypower.ie,https://www.prepaypower.ie/why-switch/pricing/rates,Day/Night Meter,Classic Pay Nightsaver,FALSE,NULL,456.29,539.99,yearly,TRUE,TRUE,9,day,18.38,18.38,18.38,18.38,18.38,18.38,18.38,18.38,37.22,37.22,37.22,37.22,37.22,37.22,37.22,37.22,37.22,37.22,37.22,37.22,37.22,37.22,37.22,18.38,Day 08:00–23:00 (37.22c/kWh); Night 23:00–08:00 (18.38c/kWh); variable rate.,EUR,c/kWh,FALSE,null,null,PrepayPower Standard Tariff,TRUE,3/13/2026,TRUE,3/13/2026,3/19/2026,,,,,,,,,,,,,,,,,,,,,,,,,,,,,,,,,,,,,,,,,,,,,,,,,,,,,,,,,,,,,,,,,,,,,,,,,,,,,,,,,,,,,,,,,,,,,,,,,,,,,,,,,,,,,,,,,,,,,,,,,,,,,,,,,,
8,PrepayPower,https://www.prepaypower.ie,https://www.prepaypower.ie/why-switch/pricing/rates,Smart Meter,Smart Pay Standard 24hr,FALSE,NULL,342.69,447.84,yearly,TRUE,TRUE,9,day,33.62,33.62,33.62,33.62,33.62,33.62,33.62,33.62,33.62,33.62,33.62,33.62,33.62,33.62,33.62,33.62,33.62,33.62,33.62,33.62,33.62,33.62,33.62,33.62,Smart Pay 24hr electricity rate.,EUR,c/kWh,FALSE,null,null,PrepayPower Smart Tariff,TRUE,3/13/2026,TRUE,3/13/2026,3/19/2026,,,,,,,,,,,,,,,,,,,,,,,,,,,,,,,,,,,,,,,,,,,,,,,,,,,,,,,,,,,,,,,,,,,,,,,,,,,,,,,,,,,,,,,,,,,,,,,,,,,,,,,,,,,,,,,,,,,,,,,,,,,,,,,,,,
8,PrepayPower,https://www.prepaypower.ie,https://www.prepaypower.ie/why-switch/pricing/rates,Smart Meter,Smart Pay Day/Night/Peak,FALSE,NULL,342.69,447.84,yearly,TRUE,TRUE,9,day,19.28,19.28,19.28,19.28,19.28,19.28,19.28,19.28,37.19,37.19,37.19,37.19,37.19,37.19,37.19,37.19,37.19,41.79,41.79,37.19,37.19,37.19,37.19,19.28,Day 08:00–23:00 (37.19c/kWh); Peak 17:00–19:00 (41.79c/kWh); Night 23:00–08:00 (19.28c/kWh).,EUR,c/kWh,FALSE,null,null,PrepayPower Smart Tariff,TRUE,3/13/2026,TRUE,3/13/2026,3/19/2026,,,,,,,,,,,,,,,,,,,,,,,,,,,,,,,,,,,,,,,,,,,,,,,,,,,,,,,,,,,,,,,,,,,,,,,,,,,,,,,,,,,,,,,,,,,,,,,,,,,,,,,,,,,,,,,,,,,,,,,,,,,,,,,,,,
9,Community Power,https://communitypower.ie,https://communitypower.ie/tariffs/,24hr Meter,Standard Variable Rate_CP_23,FALSE,NULL,238.71,278.5,yearly,TRUE,TRUE,9,day,28.80,28.80,28.80,28.80,28.80,28.80,28.80,28.80,28.80,28.80,28.80,28.80,28.80,28.80,28.80,28.80,28.80,28.80,28.80,28.80,28.80,28.80,28.80,28.80,Standard 24hr electricity rate.,EUR,c/kWh,FALSE,null,null,Community Power Standard Variable,TRUE,3/13/2026,TRUE,3/13/2026,3/19/2026,,,,,,,,,,,,,,,,,,,,,,,,,,,,,,,,,,,,,,,,,,,,,,,,,,,,,,,,,,,,,,,,,,,,,,,,,,,,,,,,,,,,,,,,,,,,,,,,,,,,,,,,,,,,,,,,,,,,,,,,,,,,,,,,,,
9,Community Power,https://communitypower.ie,https://communitypower.ie/tariffs/,Day/Night Meter,Standard Variable Rate_CP_23,FALSE,NULL,238.71,278.5,yearly,TRUE,TRUE,9,day,19.15,19.15,19.15,19.15,19.15,19.15,19.15,19.15,33.08,33.08,33.08,33.08,33.08,33.08,33.08,33.08,33.08,33.08,33.08,33.08,33.08,33.08,33.08,19.15,Day 08:00–23:00 (33.08c/kWh); Night 23:00–08:00 (19.15c/kWh).,EUR,c/kWh,FALSE,null,null,Community Power Standard Variable,TRUE,3/13/2026,TRUE,3/13/2026,3/19/2026,,,,,,,,,,,,,,,,,,,,,,,,,,,,,,,,,,,,,,,,,,,,,,,,,,,,,,,,,,,,,,,,,,,,,,,,,,,,,,,,,,,,,,,,,,,,,,,,,,,,,,,,,,,,,,,,,,,,,,,,,,,,,,,,,,
9,Community Power,https://communitypower.ie,https://communitypower.ie/tariffs/,Smart Meter,Smart SST_DG1_CP_23,FALSE,NULL,238.71,278.5,yearly,TRUE,TRUE,9,day,19.15,19.15,19.15,19.15,19.15,19.15,19.15,19.15,33.08,33.08,33.08,33.08,33.08,33.08,33.08,33.08,33.08,39.84,39.84,33.08,33.08,33.08,33.08,19.15,Day 08:00–23:00 (33.08c/kWh); Peak 17:00–19:00 (39.84c/kWh); Night 23:00–08:00 (19.15c/kWh).,EUR,c/kWh,FALSE,null,null,Community Power Smart SST Tariff,TRUE,3/13/2026,TRUE,3/13/2026,3/19/2026,,,,,,,,,,,,,,,,,,,,,,,,,,,,,,,,,,,,,,,,,,,,,,,,,,,,,,,,,,,,,,,,,,,,,,,,,,,,,,,,,,,,,,,,,,,,,,,,,,,,,,,,,,,,,,,,,,,,,,,,,,,,,,,,,,
10,Ecopower,https://ecopower.ie/,"https://ecopower.ie/price-plan-25/#:~:text=a%20PSO%20levy.-,1.,Standing%20Charges",24hr Meter,Urban 24hr Meter 25% Discount Plan,TRUE,12,302.37,null,yearly,TRUE,TRUE,9,day,26.90,26.90,26.90,26.90,26.90,26.90,26.90,26.90,26.90,26.90,26.90,26.90,26.90,26.90,26.90,26.90,26.90,26.90,26.90,26.90,26.90,26.90,26.90,26.90,Urban 24hr domestic tariff with 25% discount; 24hr (26.9c/kWh – discounted / 35.9c/kWh standard).,EUR,c/kWh,TRUE,ceg_export,15.2,Ecopower Standard Price Plan,TRUE,3/13/2026,TRUE,3/13/2026,3/19/2026,,,,,,,,,,,,,,,,,,,,,,,,,,,,,,,,,,,,,,,,,,,,,,,,,,,,,,,,,,,,,,,,,,,,,,,,,,,,,,,,,,,,,,,,,,,,,,,,,,,,,,,,,,,,,,,,,,,,,,,,,,,,,,,,,,
10,Ecopower,https://ecopower.ie/,"https://ecopower.ie/price-plan-25/#:~:text=a%20PSO%20levy.-,1.,Standing%20Charges",Day/Night Meter,Urban Day/Night Meter 25% Discount Plan,TRUE,12,302.37,null,yearly,TRUE,TRUE,9,day,15.90,15.90,15.90,15.90,15.90,15.90,15.90,15.90,29.00,29.00,29.00,29.00,29.00,29.00,29.00,29.00,29.00,29.00,29.00,29.00,29.00,29.00,29.00,15.90,Day 08:00–23:00 (29.0c/kWh – discounted / 38.5c/kWh standard); Night 23:00–08:00 (15.9c/kWh – discounted / 21.3c/kWh standard).,EUR,c/kWh,TRUE,ceg_export,15.2,Ecopower Standard Price Plan,TRUE,3/13/2026,TRUE,3/13/2026,3/19/2026,,,,,,,,,,,,,,,,,,,,,,,,,,,,,,,,,,,,,,,,,,,,,,,,,,,,,,,,,,,,,,,,,,,,,,,,,,,,,,,,,,,,,,,,,,,,,,,,,,,,,,,,,,,,,,,,,,,,,,,,,,,,,,,,,,
10,Ecopower,https://ecopower.ie/,"https://ecopower.ie/price-plan-25/#:~:text=a%20PSO%20levy.-,1.,Standing%20Charges",24hr NightSaver Meter,Urban 24 Hr Nightsaver Meter 25% Discount Plan,TRUE,12,302.37,null,yearly,TRUE,TRUE,9,day,15.90,15.90,15.90,15.90,15.90,15.90,15.90,15.90,26.90,26.90,26.90,26.90,26.90,26.90,26.90,26.90,26.90,26.90,26.90,26.90,26.90,26.90,26.90,15.90,Day 08:00–23:00 (26.9c/kWh – discounted / 35.9c/kWh standard); Night 23:00–08:00 (15.9c/kWh – discounted / 21.3c/kWh standard); nightsaver meter required.,EUR,c/kWh,TRUE,ceg_export,15.2,Ecopower Standard Price Plan,TRUE,3/13/2026,TRUE,3/13/2026,3/19/2026,,,,,,,,,,,,,,,,,,,,,,,,,,,,,,,,,,,,,,,,,,,,,,,,,,,,,,,,,,,,,,,,,,,,,,,,,,,,,,,,,,,,,,,,,,,,,,,,,,,,,,,,,,,,,,,,,,,,,,,,,,,,,,,,,,
10,Ecopower,https://ecopower.ie/,"https://ecopower.ie/price-plan-25/#:~:text=a%20PSO%20levy.-,1.,Standing%20Charges",Smart Meter,Urban Smart Meter SST 25% Discount Plan,TRUE,12,302.37,null,yearly,TRUE,TRUE,9,day,18.00,18.00,18.00,18.00,18.00,18.00,18.00,18.00,29.00,29.00,29.00,29.00,29.00,29.00,29.00,29.00,29.00,33.90,33.90,29.00,29.00,29.00,29.00,18.00,Day 08:00–23:00 (29.0c/kWh – discounted / 38.5c/kWh standard); Peak 17:00–19:00 (33.9c/kWh – discounted / 45.2c/kWh standard); Night 23:00–08:00 (18.0c/kWh – discounted / 23.9c/kWh standard).,EUR,c/kWh,TRUE,ceg_export,15.2,Ecopower Standard Price Plan,TRUE,3/13/2026,TRUE,3/13/2026,3/19/2026,,,,,,,,,,,,,,,,,,,,,,,,,,,,,,,,,,,,,,,,,,,,,,,,,,,,,,,,,,,,,,,,,,,,,,,,,,,,,,,,,,,,,,,,,,,,,,,,,,,,,,,,,,,,,,,,,,,,,,,,,,,,,,,,,,
10,Ecopower,https://ecopower.ie/,"https://ecopower.ie/price-plan-25/#:~:text=a%20PSO%20levy.-,1.,Standing%20Charges",24hr Meter,Rural 24hr Meter 25% Discount Plan,TRUE,12,null,334.19,yearly,TRUE,TRUE,9,day,26.90,26.90,26.90,26.90,26.90,26.90,26.90,26.90,26.90,26.90,26.90,26.90,26.90,26.90,26.90,26.90,26.90,26.90,26.90,26.90,26.90,26.90,26.90,26.90,24hr (26.9c/kWh – discounted / 35.9c/kWh standard),EUR,c/kWh,TRUE,ceg_export,15.2,Ecopower Standard Price Plan,TRUE,3/13/2026,TRUE,3/13/2026,3/19/2026,,,,,,,,,,,,,,,,,,,,,,,,,,,,,,,,,,,,,,,,,,,,,,,,,,,,,,,,,,,,,,,,,,,,,,,,,,,,,,,,,,,,,,,,,,,,,,,,,,,,,,,,,,,,,,,,,,,,,,,,,,,,,,,,,,
10,Ecopower,https://ecopower.ie/,"https://ecopower.ie/price-plan-25/#:~:text=a%20PSO%20levy.-,1.,Standing%20Charges",Day/Night Meter,Rural Day/Night Meter 25% Discount Plan,TRUE,12,null,334.19,yearly,TRUE,TRUE,9,day,15.90,15.90,15.90,15.90,15.90,15.90,15.90,15.90,29.00,29.00,29.00,29.00,29.00,29.00,29.00,29.00,29.00,29.00,29.00,29.00,29.00,29.00,29.00,15.90,"Day/Night (Day: 29.0c/kWh, Night: 15.9c/kWh – discounted / Day: 38.5c/kWh, Night: 21.3c/kWh standard).",EUR,c/kWh,TRUE,ceg_export,15.2,Ecopower Standard Price Plan,TRUE,3/13/2026,TRUE,3/13/2026,3/19/2026,,,,,,,,,,,,,,,,,,,,,,,,,,,,,,,,,,,,,,,,,,,,,,,,,,,,,,,,,,,,,,,,,,,,,,,,,,,,,,,,,,,,,,,,,,,,,,,,,,,,,,,,,,,,,,,,,,,,,,,,,,,,,,,,,,
10,Ecopower,https://ecopower.ie/,"https://ecopower.ie/price-plan-25/#:~:text=a%20PSO%20levy.-,1.,Standing%20Charges",24hr NightSaver Meter,Rural 24 Hr Nightsaver Meter 25% Discount Plan,TRUE,12,null,334.19,yearly,TRUE,TRUE,9,day,15.90,15.90,15.90,15.90,15.90,15.90,15.90,15.90,26.90,26.90,26.90,26.90,26.90,26.90,26.90,26.90,26.90,26.90,26.90,26.90,26.90,26.90,26.90,15.90,"24hr/Nightsaver (24hr: 26.9c/kWh, Nightsaver: 15.9c/kWh – discounted / 24hr: 35.9c/kWh, Nightsaver: 21.3c/kWh standard).",EUR,c/kWh,TRUE,ceg_export,15.2,Ecopower Standard Price Plan,TRUE,3/13/2026,TRUE,3/13/2026,3/19/2026,,,,,,,,,,,,,,,,,,,,,,,,,,,,,,,,,,,,,,,,,,,,,,,,,,,,,,,,,,,,,,,,,,,,,,,,,,,,,,,,,,,,,,,,,,,,,,,,,,,,,,,,,,,,,,,,,,,,,,,,,,,,,,,,,,
10,Ecopower,https://ecopower.ie/,"https://ecopower.ie/price-plan-25/#:~:text=a%20PSO%20levy.-,1.,Standing%20Charges",Smart Meter,Rural Smart Meter SST 25% Discount Plan,TRUE,12,null,334.19,yearly,TRUE,TRUE,9,day,18.00,18.00,18.00,18.00,18.00,18.00,18.00,18.00,29.00,29.00,29.00,29.00,29.00,29.00,29.00,29.00,29.00,33.90,33.90,29.00,29.00,29.00,29.00,18.00,"Smart (Day: 29.0c/kWh, Night: 18.0c/kWh, Peak: 33.9c/kWh – discounted / Day: 38.5c/kWh, Night: 23.9c/kWh, Peak: 45.2c/kWh standard); time-of-use structure (day/night/peak).",EUR,c/kWh,TRUE,ceg_export,15.2,Ecopower Standard Price Plan,TRUE,3/13/2026,TRUE,3/13/2026,3/19/2026,,,,,,,,,,,,,,,,,,,,,,,,,,,,,,,,,,,,,,,,,,,,,,,,,,,,,,,,,,,,,,,,,,,,,,,,,,,,,,,,,,,,,,,,,,,,,,,,,,,,,,,,,,,,,,,,,,,,,,,,,,,,,,,,,,
11,Waterpower,https://www.waterpower.ie,https://www.waterpower.ie/current-electricity-rates/,24hr Meter,Domestic 24hr Urban (E-Bill),FALSE,NULL,246.67,Not Applicable,yearly,TRUE,TRUE,9,day,27.75,27.75,27.75,27.75,27.75,27.75,27.75,27.75,27.75,27.75,27.75,27.75,27.75,27.75,27.75,27.75,27.75,27.75,27.75,27.75,27.75,27.75,27.75,27.75,24hr (27.75c/kWh – e-bill / 28.17c/kWh post bill); variable rate.,EUR,c/kWh,FALSE,NULL,NULL,Waterpower Standard Tariff,TRUE,3/13/2026,TRUE,3/13/2026,3/19/2026,,,,,,,,,,,,,,,,,,,,,,,,,,,,,,,,,,,,,,,,,,,,,,,,,,,,,,,,,,,,,,,,,,,,,,,,,,,,,,,,,,,,,,,,,,,,,,,,,,,,,,,,,,,,,,,,,,,,,,,,,,,,,,,,,,
11,Waterpower,https://www.waterpower.ie,https://www.waterpower.ie/current-electricity-rates/,24hr Meter,Domestic 24hr Urban (Post -Bill),FALSE,NULL,246.67,Not Applicable,yearly,TRUE,TRUE,9,day,28.17,28.17,28.17,28.17,28.17,28.17,28.17,28.17,28.17,28.17,28.17,28.17,28.17,28.17,28.17,28.17,28.17,28.17,28.17,28.17,28.17,28.17,28.17,28.17,24hr (28.17c/kWh – post bill); PSO €26.29/year; variable rate.,EUR,c/kWh,FALSE,NULL,NULL,Waterpower Standard Tariff,TRUE,3/13/2026,TRUE,3/13/2026,3/19/2026,,,,,,,,,,,,,,,,,,,,,,,,,,,,,,,,,,,,,,,,,,,,,,,,,,,,,,,,,,,,,,,,,,,,,,,,,,,,,,,,,,,,,,,,,,,,,,,,,,,,,,,,,,,,,,,,,,,,,,,,,,,,,,,,,,
11,Waterpower,https://www.waterpower.ie,https://www.waterpower.ie/current-electricity-rates/,24hr Meter,Domestic 24hr Rural (E-Bill),FALSE,NULL,Not Applicable,322.26,yearly,TRUE,TRUE,9,day,27.75,27.75,27.75,27.75,27.75,27.75,27.75,27.75,27.75,27.75,27.75,27.75,27.75,27.75,27.75,27.75,27.75,27.75,27.75,27.75,27.75,27.75,27.75,27.75,24hr (27.75c/kWh – e-bill); 24hr meter required (rural).,EUR,c/kWh,FALSE,NULL,NULL,Waterpower Standard Tariff,TRUE,3/13/2026,TRUE,3/13/2026,3/19/2026,,,,,,,,,,,,,,,,,,,,,,,,,,,,,,,,,,,,,,,,,,,,,,,,,,,,,,,,,,,,,,,,,,,,,,,,,,,,,,,,,,,,,,,,,,,,,,,,,,,,,,,,,,,,,,,,,,,,,,,,,,,,,,,,,,
11,Waterpower,https://www.waterpower.ie,https://www.waterpower.ie/current-electricity-rates/,24hr Meter,Domestic 24hr Rural (Post-Bill),FALSE,NULL,Not Applicable,322.26,yearly,TRUE,TRUE,9,day,28.17,28.17,28.17,28.17,28.17,28.17,28.17,28.17,28.17,28.17,28.17,28.17,28.17,28.17,28.17,28.17,28.17,28.17,28.17,28.17,28.17,28.17,28.17,28.17,24hr (28.17c/kWh – post-bill); 24hr meter required (rural).,EUR,c/kWh,FALSE,NULL,NULL,Waterpower Standard Tariff,TRUE,3/13/2026,TRUE,3/13/2026,3/19/2026,,,,,,,,,,,,,,,,,,,,,,,,,,,,,,,,,,,,,,,,,,,,,,,,,,,,,,,,,,,,,,,,,,,,,,,,,,,,,,,,,,,,,,,,,,,,,,,,,,,,,,,,,,,,,,,,,,,,,,,,,,,,,,,,,,
11,Waterpower,https://www.waterpower.ie,https://www.waterpower.ie/current-electricity-rates/,Day/Night Meter,Domestic Day Night (Post Billing) Urban,FALSE,NULL,246.67,Not Applicable,yearly,TRUE,TRUE,9,day,21.15,21.15,21.15,21.15,21.15,21.15,21.15,21.15,30.15,30.15,30.15,30.15,30.15,30.15,30.15,30.15,30.15,30.15,30.15,30.15,30.15,30.15,30.15,21.15,"Day: 30.15c/kWh [8am–11pm], Night: 21.15c/kWh [11pm–8am] – post bill; variable rate.",EUR,c/kWh,FALSE,NULL,NULL,Waterpower Standard Tariff,TRUE,3/13/2026,TRUE,3/13/2026,3/19/2026,,,,,,,,,,,,,,,,,,,,,,,,,,,,,,,,,,,,,,,,,,,,,,,,,,,,,,,,,,,,,,,,,,,,,,,,,,,,,,,,,,,,,,,,,,,,,,,,,,,,,,,,,,,,,,,,,,,,,,,,,,,,,,,,,,
11,Waterpower,https://www.waterpower.ie,https://www.waterpower.ie/current-electricity-rates/,Day/Night Meter,Domestic Day Night (Post Billing) Rural,FALSE,NULL,Not Applicable,322.26,yearly,TRUE,TRUE,9,day,21.15,21.15,21.15,21.15,21.15,21.15,21.15,21.15,30.15,30.15,30.15,30.15,30.15,30.15,30.15,30.15,30.15,30.15,30.15,30.15,30.15,30.15,30.15,21.15,"Day: 30.15c/kWh [8am–11pm], Night: 21.15c/kWh [11pm–8am] – post bill); variable rate.",EUR,c/kWh,FALSE,NULL,NULL,Waterpower Standard Tariff,TRUE,3/13/2026,TRUE,3/13/2026,3/19/2026,,,,,,,,,,,,,,,,,,,,,,,,,,,,,,,,,,,,,,,,,,,,,,,,,,,,,,,,,,,,,,,,,,,,,,,,,,,,,,,,,,,,,,,,,,,,,,,,,,,,,,,,,,,,,,,,,,,,,,,,,,,,,,,,,,
11,Waterpower,https://www.waterpower.ie,https://www.waterpower.ie/current-electricity-rates/,Day/Night Meter,Domestic Day Night (E-Billing) Urban,FALSE,NULL,246.67,Not Applicable,yearly,TRUE,TRUE,9,day,20.84,20.84,20.84,20.84,20.84,20.84,20.84,20.84,29.70,29.70,29.70,29.70,29.70,29.70,29.70,29.70,29.70,29.70,29.70,29.70,29.70,29.70,29.70,20.84,"Day: 29.70c/kWh [8am–11pm], Night: 20.84c/kWh [11pm–8am]; e-bill.",EUR,c/kWh,FALSE,NULL,NULL,Waterpower Standard Tariff,TRUE,3/13/2026,TRUE,3/13/2026,3/19/2026,,,,,,,,,,,,,,,,,,,,,,,,,,,,,,,,,,,,,,,,,,,,,,,,,,,,,,,,,,,,,,,,,,,,,,,,,,,,,,,,,,,,,,,,,,,,,,,,,,,,,,,,,,,,,,,,,,,,,,,,,,,,,,,,,,
11,Waterpower,https://www.waterpower.ie,https://www.waterpower.ie/current-electricity-rates/,Day/Night Meter,Domestic Day Night (E-Billing) Rural,FALSE,NULL,Not Applicable,322.26,yearly,TRUE,TRUE,9,day,19.57,19.57,19.57,19.57,19.57,19.57,19.57,19.57,30.43,30.43,30.43,30.43,30.43,30.43,30.43,30.43,30.43,30.43,30.43,30.43,30.43,30.43,30.43,19.57,"Day: 30.43c/kWh [8am–11pm], Night: 19.57c/kWh [11pm–8am]; e-bill.",EUR,c/kWh,FALSE,NULL,NULL,Waterpower Standard Tariff,TRUE,3/13/2026,TRUE,3/13/2026,3/19/2026,,,,,,,,,,,,,,,,,,,,,,,,,,,,,,,,,,,,,,,,,,,,,,,,,,,,,,,,,,,,,,,,,,,,,,,,,,,,,,,,,,,,,,,,,,,,,,,,,,,,,,,,,,,,,,,,,,,,,,,,,,,,,,,,,,
11,Waterpower,https://www.waterpower.ie,https://www.waterpower.ie/current-electricity-rates/,Smart Meter,Waterpower Smart Tariff Urban,FALSE,NULL,246.67,Not Applicable,yearly,TRUE,TRUE,9,day,19.86,19.86,19.86,19.86,19.86,19.86,19.86,19.86,30.89,30.89,30.89,30.89,30.89,30.89,30.89,30.89,30.89,35.00,35.00,30.89,30.89,30.89,30.89,19.86,"Day: 30.89c/kWh (8am–5pm, 7pm–11pm), Peak: 35.00c/kWh (5pm–7pm), Night: 19.86c/kWh (11pm–8am) – e-bill; variable rate.",EUR,c/kWh,FALSE,NULL,NULL,Waterpower Smart Tariff,TRUE,3/13/2026,TRUE,3/13/2026,3/19/2026,,,,,,,,,,,,,,,,,,,,,,,,,,,,,,,,,,,,,,,,,,,,,,,,,,,,,,,,,,,,,,,,,,,,,,,,,,,,,,,,,,,,,,,,,,,,,,,,,,,,,,,,,,,,,,,,,,,,,,,,,,,,,,,,,,
11,Waterpower,https://www.waterpower.ie,https://www.waterpower.ie/current-electricity-rates/,Smart Meter,Waterpower Smart Tariff Rural,FALSE,NULL,Not Applicable,322.26,yearly,TRUE,TRUE,9,day,19.86,19.86,19.86,19.86,19.86,19.86,19.86,19.86,30.89,30.89,30.89,30.89,30.89,30.89,30.89,30.89,30.89,35.00,35.00,30.89,30.89,30.89,30.89,19.86,"Day: 30.89c/kWh (8am–5pm, 7pm–11pm), Peak: 35.00c/kWh (5pm–7pm), Night: 19.86c/kWh (11pm–8am); e-bill.",EUR,c/kWh,FALSE,NULL,NULL,Waterpower Smart Tariff,TRUE,3/13/2026,TRUE,3/13/2026,3/19/2026,,,,,,,,,,,,,,,,,,,,,,,,,,,,,,,,,,,,,,,,,,,,,,,,,,,,,,,,,,,,,,,,,,,,,,,,,,,,,,,,,,,,,,,,,,,,,,,,,,,,,,,,,,,,,,,,,,,,,,,,,,,,,,,,,,
12,Go Power,https://gopower.ie,https://gopower.ie,Not Mentioned,Not Available (Business Electricity Supplier),Not Mentioned,Not Mentioned,Not Mentioned,Not Mentioned,Not Available,Not Available,Not Available,Not Available,Not Available,Not Available,Not Available,Not Available,Not Available,Not Available,Not Available,Not Available,Not Available,Not Available,Not Available,Not Available,Not Available,Not Available,Not Available,Not Available,Not Available,Not Available,Not Available,Not Available,Not Available,Not Available,Not Available,Not Available,Not Available,"The original dataset contained a provider entry for Go Power but no tariff information. The official Go Power website was reviewed and it was found that the company supplies electricity primarily to industrial and commercial customers. Residential electricity tariff prices are not publicly listed and customers must request a quote through a callback or contact form. Therefore no tariff rates or standing charges could be validated and these values were recorded as ""Not Mentioned"".",Not Available,Not Available,Not Available,Not Available,Not Available,Not Available,Not Available,3/13/2026,TRUE,3/13/2026,3/19/2026,,,,,,,,,,,,,,,,,,,,,,,,,,,,,,,,,,,,,,,,,,,,,,,,,,,,,,,,,,,,,,,,,,,,,,,,,,,,,,,,,,,,,,,,,,,,,,,,,,,,,,,,,,,,,,,,,,,,,,,,,,,,,,,,,,
,,,,,,,,,,,,,,,,,,,,,,,,,,,,,,,,,,,,,,,,,,,,,,,,,,,,,,,,,,,,,,,,,,,,,,,,,,,,,,,,,,,,,,,,,,,,,,,,,,,,,,,,,,,,,,,,,,,,,,,,,,,,,,,,,,,,,,,,,,,,,,,,,,,,,,,,,,,,,,,,,,,,,,,,,,,,,,,,,,,,
,,,,,,,,,,,,,,,,,,,,,,,,,,,,,,,,,,,,,,,,,,,,,,,,,,,,,,,,,,,,,,,,,,,,,,,,,,,,,,,,,,,,,,,,,,,,,,,,,,,,,,,,,,,,,,,,,,,,,,,,,,,,,,,,,,,,,,,,,,,,,,,,,,,,,,,,,,,,,,,,,,,,,,,,,,,,,,,,,,,,
,,,,,,,,,,,,,,,,,,,,,,,,,,,,,,,,,,,,,,,,,,,,,,,,,,,,,,,,,,,,,,,,,,,,,,,,,,,,,,,,,,,,,,,,,,,,,,,,,,,,,,,,,,,,,,,,,,,,,,,,,,,,,,,,,,,,,,,,,,,,,,,,,,,,,,,,,,,,,,,,,,,,,,,,,,,,,,,,,,,,
